{
    "sadness": {
        "precision": 0.9279112754158965,
        "recall": 0.8640275387263339,
        "f1-score": 0.8948306595365418,
        "support": 581.0
    },
    "joy": {
        "precision": 0.9037593984962407,
        "recall": 0.8647482014388489,
        "f1-score": 0.8838235294117647,
        "support": 695.0
    },
    "love": {
        "precision": 0.697560975609756,
        "recall": 0.89937106918239,
        "f1-score": 0.7857142857142857,
        "support": 159.0
    },
    "anger": {
        "precision": 0.8505338078291815,
        "recall": 0.8690909090909091,
        "f1-score": 0.8597122302158273,
        "support": 275.0
    },
    "fear": {
        "precision": 0.8564814814814815,
        "recall": 0.8258928571428571,
        "f1-score": 0.8409090909090909,
        "support": 224.0
    },
    "surprise": {
        "precision": 0.5978260869565217,
        "recall": 0.8333333333333334,
        "f1-score": 0.6962025316455697,
        "support": 66.0
    },
    "accuracy": 0.8625,
    "macro avg": {
        "precision": 0.805678837631513,
        "recall": 0.8594106514857787,
        "f1-score": 0.8268653879055133,
        "support": 2000.0
    },
    "weighted avg": {
        "precision": 0.8716732994187409,
        "recall": 0.8625,
        "f1-score": 0.8649082021610377,
        "support": 2000.0
    }
}